<?xml version="1.0" encoding="UTF-8" standalone="yes"?>
<manifest>
  <control namespace="ChatControl" constructor="ChatControl" version="0.0.1" display-name-key="ChatControl" description-key="ChatControl description" control-type="standard" api-version="1.3.14">
    <external-service-usage enabled="false"/>
    <data-set name="Whatsapp_session" display-name-key="Whatsapp_session"/>
    <resources>
      <code path="bundle.js" order="1"/>
    </resources>
    <feature-usage>
      <uses-feature name="Device.pickFile" required="true"/>
      <uses-feature name="Utility" required="true"/>
      <uses-feature name="WebAPI" required="true"/>
    </feature-usage>
    <built-by name="pac" version="1.32.5"/>
  </control>
</manifest>